,coefficient,p-value,Odds-ratio,,,,,,,
const,-3.912575923,3.84E-61,,,,,,,,
CreditScore,-0.000674866,0.016044636,0.9993,,,,,,,
Age,0.072655032,3.24E-175,1.0754,,,,,,,
NumOfProducts,-0.095019766,0.045625404,0.9094,,,,,,,
IsActiveMember,-1.075775907,1.01E-77,0.341,,,,,,,
Female,0.526721362,3.97E-22,1.6934,,,,,,,
Germany,0.747595467,1.44E-30,2.1119,,,,,,,
Tenure,-0.015879072,0.089324155,0.9842,,,,,,,
Log_Balance,0.069026257,7.62E-07,1.0715,,,,,,,
